<?xml version="1.0" encoding="UTF-8"?>

<configuration scan="true" scanPeriod="10 seconds">
    <include resource="org/springframework/boot/logging/logback/base.xml"/>
    <jmxConfigurator/>
    <!--定义日志文件的存储地址和前缀名-->
    <property name="LOG_HOME" value="stock-server-log"/>

    <appender name="CONSOLE_FILE" class="ch.qos.logback.core.ConsoleAppender">
        <encoder class="ch.qos.logback.classic.encoder.PatternLayoutEncoder" >
            <Pattern>%d{yyyy-MM-dd HH:mm:ss.SSS} [%thread] %-5level %logger{36} -%msg%n</Pattern>
            <charset>UTF-8</charset>
        </encoder>
    </appender>

    <appender name="INFO_FILE" class="ch.qos.logback.core.rolling.RollingFileAppender">
        <File>${LOG_HOME}/info.log</File>
        <rollingPolicy class="ch.qos.logback.core.rolling.SizeAndTimeBasedRollingPolicy">
            <fileNamePattern>${LOG_HOME}/info-%d{yyyyMMdd}-%i.log</fileNamePattern>
            <maxFileSize>100MB</maxFileSize>
       <maxHistory>30</maxHistory>
            <totalSizeCap>100GB</totalSizeCap>
        </rollingPolicy>
        <encoder>
            <Pattern>%d{yyyy-MM-dd HH:mm:ss.SSS} [%thread] %-5level %logger{36} -%msg%n</Pattern>
        </encoder>
        <filter class="ch.qos.logback.classic.filter.ThresholdFilter">
            <level>debug</level>
        </filter>
    </appender>

    <appender name="ERROR_FILE" class="ch.qos.logback.core.rolling.RollingFileAppender">
        <File>${LOG_HOME}/error.log</File>
        <rollingPolicy class="ch.qos.logback.core.rolling.SizeAndTimeBasedRollingPolicy">
            <fileNamePattern>${LOG_HOME}/error-%d{yyyyMMdd}.log.%i</fileNamePattern>
            <maxFileSize>100MB</maxFileSize>
        <maxHistory>30</maxHistory>
            <totalSizeCap>100GB</totalSizeCap>
        </rollingPolicy>
        <encoder>
            <Pattern>%d{yyyy-MM-dd HH:mm:ss.SSS} [%thread] %-5level %logger{36} -%msg%n</Pattern>
        </encoder>
        <filter class="ch.qos.logback.classic.filter.LevelFilter">
            <level>ERROR</level>
            <onMatch>ACCEPT</onMatch>
            <onMismatch>DENY</onMismatch>
        </filter>
    </appender>

    <appender name="DEBUG_FILE" class="ch.qos.logback.core.rolling.RollingFileAppender">
        <File>${LOG_HOME}/debug.log</File>
        <rollingPolicy class="ch.qos.logback.core.rolling.SizeAndTimeBasedRollingPolicy">
            <fileNamePattern>${LOG_HOME}/debug-%d{yyyyMMdd}.log.%i</fileNamePattern>
            <maxFileSize>100MB</maxFileSize>
   <maxHistory>30</maxHistory>
            <totalSizeCap>100GB</totalSizeCap>
        </rollingPolicy>
        <encoder>
            <Pattern>%d{yyyy-MM-dd HH:mm:ss.SSS} [%thread] %-5level %logger{36} -%msg%n</Pattern>
        </encoder>
        <filter class="ch.qos.logback.classic.filter.LevelFilter">
            <level>DEBUG</level>
            <onMatch>ACCEPT</onMatch>
            <onMismatch>DENY</onMismatch>
        </filter>
    </appender>

    <logger name="mapper" level="DEBUG" additivity="false">
        <appender-ref ref="DEBUG_FILE"/>
        <appender-ref ref="CONSOLE_FILE"/>
    </logger>

    <root level="INFO">
        <appender-ref ref="INFO_FILE"/>
        <appender-ref ref="ERROR_FILE"/>
        <appender-ref ref="DEBUG_FILE"/>
    </root>

</configuration>